1976,,Prelude,The first public work on public-key cryptography is published. Public-key cryptography is used in Bitcoin for specifying ownership of coins.,United States
1979,,Prelude,The Merkle tree is patented by Ralph Merkle.,United States
1991,,Prelude,Haber and Stornetta's paper on linked timestamping is published.:15,United States
1992–1993,,Prelude,A proof-of-work system for email spam is presented.,
1997,28-Mar,Prelude,Adam Back proposes Hashcash on the Cypherpunks mailing list.,
1998,,Prelude,Wei Dai's b-money paper is published.,
1998,,Prelude,Nick Szabo claims to have had the idea of Bitgold as early as this year. He would only blog about the idea in 2005.:17,United States
1999,,Prelude,"Sander and Ta-Shma's anonymous electronic cash system is published. ""Satoshi could have integrated some anonymity insights of this approach into Bitcoin, but it is unclear whether he was not aware of this work when he released Bitcoin, whether he was familiar with it but decided not to use these features because of their high computational cost, or whether he consciously decided to leave Bitcoin pseudonymous."":165–167",
2001,,Prelude,"SHA-2 is first published. Of the SHA-2 family of hash functions, SHA-256 would be used in Bitcoin for ""integrity, block-chaining, and the hashcash cost-function"".",
2002,1-Aug,Prelude,Adam Back's Hashcash paper is published. This is the paper cited in Satoshi Nakamoto's white paper. The paper also happens to be the most-recently-published reference in Satoshi Nakamoto's white paper.,United Kingdom
2002,December 9–10,Prelude,"An entity x posts to the alt.internet.p2p and uk.finance newsgroups an ""idea of a future with virtual peer to peer banking"". This entity is speculated to be Satoshi Nakamoto.",
2007,May,Early development,Satoshi Nakamoto claims he starts coding Bitcoin around this time.:18,
2008,August,Early development,"Satoshi Nakamoto emails Adam Back, the creator of hashcash, ""asking him to look at a short paper describing something called Bitcoin"".",
2008,18-Aug,Early development,The bitcoin.org domain name is registered on this day.,
2008,22-Aug,Leadership,"Satoshi Nakamoto emails Wei Dai. In the email, Nakamoto links to a ""pre-release draft"" of the white paper and asks when Dai's b-money paper was published, claiming that he wants to know this so he can cite the paper correctly in his own.",
2008,3-Oct,Literature,A version of Satoshi Nakamoto's white paper exists from this day.,
2008,1-Nov,Literature,"The first public version of Satoshi Nakamoto's white paper, titled ""Bitcoin: A Peer-to-Peer Electronic Cash System"", is published. Depending on the time zone, this is October 31.",
2008,9-Nov,Early development,The Bitcoin project is registered on SourceForge.,
2008,November–December,Leadership,"Satoshi Nakamoto sends Hal Finney ""an early, beta version [of Bitcoin] for testing"". ""In test runs in November and December they worked out some of the early kinks.""",
2009,3-Jan,Early development,The Bitcoin genesis block is established.,
2009,9-Jan,Software version,Bitcoin version 0.1 is released.,
2009,12-Jan,Milestone transaction,"The first Bitcoin transaction takes place, from Satoshi Nakamoto to Hal Finney.",
2009,May,Early development,"Martti Malmi emails Satoshi Nakamoto for the first time, expressing willingness to help with Bitcoin development.",
2009,29-Aug,Content creation,The first revision in the Bitcoin Git repository is made on this day. However this commit is converted from the Subversion revision control system.,
2009,5-Oct,Early development,"BTC–USD exchange rates are first posted by NewLibertyStandard, where $1 is worth 1,309.03 BTC. ""During 2009 my exchange rate was calculated by dividing $1.00 by the average amount of electricity required to run a computer with high CPU for a year, 1331.5 kWh, multiplied by […] the average residential cost of electricity in the United States for the previous year, $0.1136, divided by 12 months divided by the number of bitcoins generated by my computer over the past 30 days.""",
2009,October 9–12,Content creation,"The channel #bitcoin-dev is apparently registered on the Freenode IRC network around this time. The two sources documenting this have conflicting dates, neither provides a source, and it's unclear how to tell when a channel was registered. Discussion about chat logs would only come almost a year later.",
2009,12-Oct,Milestone transaction,"The first trade of Bitcoin for fiat money takes place. Martti Malmi (Sirius) sells 5,050 BTC to NewLibertyStandard for $5.02.",
2009,22-Nov,Content creation,"Bitcoin Talk, a discussion forum about Bitcoin, is created.",
2009,16-Dec,Software version,"Bitcoin version 0.2 is released. By this point, Martti Malmi has joined Satoshi Nakamoto a developer with full permission to change the codebase. ""Starting in August, the log of changes to the software showed that Martti was now the main actor. When the next version of Bitcoin, 0.2, was released, Satoshi gave credit for most of the improvements to Martti.""",
2009,30-Dec,,"The first difficulty increase occurs, from 1 to 1.18.",
2010,6-Feb,Organization (exchange company),An early version of Bitcoin Market begins operating.,
2010,17-Mar,Organization (exchange company),BitcoinMarket.com starts operating as the first bitcoin exchange. The price per Bitcoin is of around US$0.003 at the time.,
2010,April–May,Mining,"Laszlo Hanecz (also ""Hanyecz"") begins mining bitcoin with a GPU around this time. ""On May 17 he won twenty-eight blocks; these wins gave him fourteen hundred new coins that day.""",United States
2010,22-May,Milestone transaction,"Laszlo Hanyecz (laszlo) reports that he has traded 10,000 of his bitcoins for two pizzas ordered by Jeremy Sturdivant (jercos). This transaction is the first documented purchase of a good using bitcoin.",United States
2010,July,Organization (exchange company),Ross Ulbricht begins the development of Silk Road.,
2010,6-Jul,Software version,Bitcoin version 0.3 is released.,
2010,11-Jul,Software version,"Release of Bitcoin version 0.3 is posted to Slashdot. This is the result of a ""campaign to get Bitcoin real press coverage"". With the increase in traffic from Slashdot, the Bitcoin website temporarily goes down. Despite ""the derogatory comments that showed up under the Slashdot item"", this brings in a bunch of new Bitcoin users: ""The number of downloads would jump from around three thousand in June to over twenty thousand in July. The day after the Slashdot piece appeared, Gavin Andresen's Bitcoin faucet gave away 5,000 Bitcoins and was running empty.""",
2010,18-Jul,Organization (exchange company),"Mt. Gox, a bitcoin exchange founded by Jed McCaleb, is announced. McCaleb had heard about Bitcoin from the Slashdot post several days earlier.",
2010,18-Jul,Mining,"ArtForz generates ""his first block after establishing his personal OpenCL GPU hash farm"". Apparently ArtForz announces this date on Bitcoin Talk, but neither source links to it, and a quick search didn't turn it up.",
2010,July (late),Content creation,"Martti Malmi launches the non-English Bitcoin forum, in Russian.",
2010,9-Sep,Content creation,"The main Bitcoin subreddit, r/Bitcoin, is created. As of March 28, 2020 it has over 1,3 million members.",
2010,17-Oct,Content creation,The Freenode IRC channel #bitcoin-otc is established. (Citation gives this date but does not provide a source.),
2010,6-Nov,Market capitalization,Bitcoin market capitalization passes $1 million.,
2010,12-Dec,Literature,"The last post from the ""satoshi"" account on Bitcoin Talk is from this day.",
2010,19-Dec,,"Gavin Andresen announces that he is stepping in to do ""more active project management for bitcoin"".",United States
2011,,Physical bitcoin,Casascius coins are first created.,
2011,6-Jan,Milestone transaction,First documented payment for work using Bitcoin takes place around this time.,
2011,February,Exchange company,"Silk Road, the first modern darknet market, launches. Silk Road is the first darknet market to use both Tor and Bitcoin escrow.",
2011,16-Apr,Literature,"Jerry Brito's ""Online Cash Bitcoin Could Challenge Governments, Banks"" is published on Time. Nathaniel Popper calls this ""the first mainstream news coverage for Bitcoin"".",United States
2011,27-Apr,Software version,Bitcoin version 0.3.21 is released.,
2011,April (late) – May (early),Leadership,The final emails from Satoshi Nakamoto are from this period.,
2011,May,Payment service provider,"BitPay, a Bitcoin payment service provider, is founded.",United States
2011,9-May,Physical bitcoin,"The launch of Bitbills is announced. Bitbills are the first physical incarnation of bitcoins, coming in plastic cards that contain the cryptographic information.",
2011,20-May,Content creation,"The subreddit r/btc is created. As of March 28, 2020 it has 289,000 members.",
2011,1-Jun,Literature,The Gawker piece on Silk Road is published.,
2011,1-Jun,Exchange company,BTCC launches as a bitcoin trading platform that enables its users to buy and sell bitcoins in the native Chinese CNY currency.,
2011,5-Jun,Software version,Bitcoin version 0.3.22 is released.,
2011,14-Jun,,Gavin Andresen gives a talk on Bitcoin at the CIA.,
2011,14-Jun,Software version,Bitcoin version 0.3.23 is released.,
2011,15-Jun,Content creation,"The Bitcoin mining subreddit, r/BitcoinMining, is created. As of March 28, 2020 it has 37,300 members.",
2011,19-Jun,Security,"Mt. Gox is hacked, causing the price of bitcoin to drop ""from $17 to 1 penny in less than an hour"".",
2011,8-Jul,Software version,Bitcoin version 0.3.24 is released.,
2011,26-Jul,Security,The Polish exchange site Bitomat temporarily goes offline. It would later be announced that the private keys belonging to customers' Bitcoin addresses were accidentally deleted.,Poland
2011,28-Jul,Exchange company,Kraken launches in the United States.,United States
2011,29-Jul,Service shutdown,"The bitcoin wallet service MyBitcoin shuts down. ""The founder of the site, a man who called himself Tom Williams, was unresponsive and soon enough all the wallets were frozen.""",
2011,July,Security,"The operator of Bitomat, the third-largest bitcoin exchange, announces having lost access to his wallet.dat file with about 17,000 bitcoins (roughly equivalent to US$220,000 at that time). He announces that he would sell the service for the missing amount, aiming to use funds from the sale to refund his customers.",
2011,19-Aug,Early development,"The first Bitcoin Improvement Proposal (BIP) is submitted, explaining what a BIP is.",
2011,August (late),Conference,"The Bitcoin Conference & World Expo NYC 2011, organized by Bruce Wagner of The Bitcoin Show, takes place.",United States
2011,23-Sep,Software version,Bitcoin version 0.4.0 is released.,
2011,21-Nov,Software version,"Bitcoin-Qt version 0.5.0 is released. ""The major change for this release is a completely new graphical that uses the Qt user interface toolkit.""",
2011,15-Dec,Software version,Bitcoin-Qt version 0.5.1 is released.,
2012,9-Jan,Software version,Bitcoin-Qt version 0.5.2 is released.,
2012,14-Mar,Software version,Bitcoin-Qt version 0.5.3 is released.,
2012,16-Mar,Software version,Bitcoin-Qt version 0.5.3.1 is released.,
2012,30-Mar,Software version,Bitcoin-Qt version 0.6.0 is released.,
2012,24-Apr,Website launch,"Satoshi Dice (now called MegaDice), a betting site, is announced on Bitcoin Talk by Erik Voorhees.",
2012,4-May,Software version,Bitcoin-Qt version 0.6.1 is released.,
2012,8-May,Software version,Bitcoin-Qt version 0.6.2 is released.,
2012,30-May,Content creation,"The Bitcoin Magazine subreddit, r/BitcoinMagazine, is created. As of March 28, 2020 it has 998 subscribers.",
2012,June,Exchange company,"Coinbase, a digital asset exchange company that operates exchanges of Bitcoin (among other digital currencies), is founded.",United States
2012,15-Jun,Exchange company,LocalBitcoins is founded.,
2012,25-Jun,Software version,Bitcoin-Qt version 0.6.3 is released.,
2012,August,Exchange company,Coincheck is founded. It operates a Bitcoin and cryptocurrency exchange in Japan.,Japan
2012,27-Sep,Organization,The Bitcoin Foundation is founded.,United States
2012,17-Sep,Software version,Bitcoin-Qt version 0.7.0 is released.,
2012,19-Oct,Software version,Bitcoin-Qt version 0.7.1 is released.,
2012,15-Nov,Milestone transaction,WordPress.com begins accepting bitcoins for the purchase of upgrades.,
2012,23-Nov,Official response (negative),"The Central Bank of Norway releases per ethical guidelines indicating that it does not recognize cryptocurrencies, but it also does not prohibit its staff from owning or investing in them.",Norway
2012,29-Nov,Mining,"The first Bitcoin halving event occurs at block height 210,000. From then on, the amount of new Bitcoins issued every 10 minutes drops from 50 bitcoins to 25.",
2012,14-Dec,Software version,Bitcoin-Qt version 0.7.2 is released.,
2013,,Mining,"The Bitcoin startup 21 is founded as 21e6. The company produces specialized bitcoin mining chips and also works toward the mass adoption of bitcoin by ""building bitcoin products for the general public"".",
2013,31-Jan,Mining,The first application-specific integrated circuits (ASICs) designed for Bitcoin mining are shipped.,
2013,14-Feb,Milestone transaction,The social news aggregation website Reddit begins accepting bitcoins for the purchase of reddit gold (reddit's premium membership).,
2013,15-Feb,Content creation,"The subreddit r/Jobs4Bitcoins is created. As of March 28, 2020 it has 27,100 members.",
2013,19-Feb,Software version,"Bitcoin-Qt version 0.8.0 is released. ""This is a major release designed to improve performance and handle the increasing volume of transactions on the network.""",
2013,2-Mar,Organization,CloudHashing is founded. It is a bitcoin mining-as-a-service company offering cloud mining contracts.,
2013,3-Mar,Conference,"A secretive technology conference for ""tech-industry power players"" takes place. At the conference, Wences Casares introduces or explains Bitcoin to business leaders including Reid Hoffman, Michael Ovitz, and Henry Blodget.",
2013,6-Mar,Content creation,"The subreddit r/BitcoinBeginners is created. As of March 28, 2020 it has 83,300 members.",
2013,12-Mar,Bitcoin fork,An unexpected fork of the Bitcoin blockchain occurs due to a newer version of the Bitcoin client accepting a particular block that older versions of the client reject.,
2013,18-Mar,Official response,The Financial Crimes Enforcement Network (FinCEN) releases guidance on using virtual currencies.,
2013,18-Mar,Software version,Bitcoin-Qt version 0.8.1 is released.,
2013,28-Mar,Market capitalization,Bitcoin market capitalization passes $1 billion.,
2013,11-Apr,Content creation,"The subreddit r/BitcoinMarkets is created. As of March 28, 2020 it has 148,000 members.",
2013,7-May,,"Coinbase announces ""the largest funding round to date for a Bitcoin startup, a $5 million investment led by Union Square Ventures"".",
2013,14-May,Legal,The Dwolla account belonging to Mt. Gox is frozen due to a seizure warrant issued by the Department of Homeland Security.,
2013,17-May,Conference,The first official Bitcoin conference takes place in San Jose.,
2013,29-May,Software version,Bitcoin-Qt version 0.8.2 is released.,
2013,23-Jun,Software version,Bitcoin-Qt version 0.8.3 is released.,
2013,23-Jul,Legal,"Trendon T. Shavers is ""sued by the Securities and Exchange Commission on Tuesday and accused of running a fund that collected bitcoins from investors, promising them 7 percent weekly returns"".",
2013,30-Jul,Organization,BitGive Foundation is founded.,
2013,August,Official response (regulation),"The German Finance Ministry characterizes Bitcoin as a unit of account, usable in multilateral clearing circles and subject to capital gains tax if held less than one year.",Germany
2013,3-Sep,Software version,Bitcoin-Qt version 0.8.4 is released.,
2013,13-Sep,Software version,Bitcoin-Qt version 0.8.5 is released.,
2013,26-Sep,,"SecondMarket begins raising money for the Bitcoin Investment Trust, an investment fund holding only bitcoins.",United States
2013,29-Oct,Technology,"The first Bitcoin ATM in the world opens in Vancouver, Canada.",Canada
2013,1-Nov,Literature,"The initial version of ""Majority is not Enough: Bitcoin Mining is Vulnerable"" by Eyal and Sirer is uploaded to the preprint repository arXiv. The paper is announced on the authors' blog on November 4. The paper receives coverage on Vice, Bitcoin Magazine, and Bitcoin Talk.",
2013,18-Nov,Official response (regulation),United States federal officials indicate at a Senate that digital currency networks offer real benefits for the financial system even as they acknowledge that new forms of digital money have provided avenues for money laundering and illegal activity.,United States
2013,20-Nov,Milestone transaction,The University of Nicosia in Cyprus becomes the first university to accept payment for tuition in bitcoin.,Cyprus
2013,November,Official response (warning),The National Bank of Slovakia issues a warning to inform the general public that virtual currencies are not national currencies and that unauthorized currency production constitutes a criminal offense.,Slovakia
2013,3-Dec,Official response (warning),"Chinese regulators jointly issue a notice warning the public about the risks of bitcoin. The circular defines Bitcoin as “by nature a special virtual commodity,” which “does not have equal legal status as currencies” and “cannot and should not be circulated in the market as a currency.”",China
2013,9-Dec,Software version,Bitcoin-Qt version 0.8.6 is released.,
2013,19-Dec,Official response (warning),"The Lebanese Central Bank issues a notice to the country’s banks and financial institutions warning them of the dangers of using cybercurrencies, especially bitcoin.",Lebanon
2013,December,Official response (warning),"The People’s Bank of China and four other financial regulators issue a joint notice outlining the risks associated with bitcoin. The Chinese Government states that it is not a currency, and prohibits banks and other financial institutes from trading in it. However, it acknowledges the cryptocurrency as a “commodity traded online” and allows the public to buy and sell it as they please, with its only proviso being that they do so at their own risk.",China
2013,December,Official response (negative),The Danish Financial Supervisory Authority issues a statement rejecting the bitcoin as a currency and stating that it will not regulate bitcoin use.,Denmark
2013,December,Official response (negative),The French Central Bank publishes a report stating that bitcoin cannot be considered a real currency or means of payment under current French law.,France
2013,December,Official response (warning),"The Norwegian Financial Supervisory Authority issues a warning against cryptocurrencies, comming as a result of warnings on the risk of use of cryptocurrencies by the European Supervisory Authority, ESMA.",Norway
2014,2-Jan,Official response (negative),The Central Bank of Malaysia issues a statement saying that “The Bitcoin is not recognized as legal tender in Malaysia. The Central Bank does not regulate the operations of Bitcoin. The public is therefore advised to be cautious of the risks associated with the usage of such digital currency.”,Malaysia
2014,9-Jan,Milestone transaction,Overstock.com becomes the first major online retailer to accept payments in bitcoin. In December 2013 the company had announced that it was preparing to accept bitcoin.,United States
2014,9-Jan,Organization (exchange company),BitFlyer is founded in Japan.,Japan
2014,26-Jan,Legal,"Charlie Shrem is arrested. He is accused of using his company, BitInstant, to ""knowingly convert money into virtual currency for people interested in buying narcotics on the Silk Road site"" and of buying drugs on Silk Road.",United States
2014,January,Official response (warning),The Belgian National Bank and the Financial Services and Markets Authority issue a joint press release warning consumers about the risks of cryptocurrencies.,Belgium
2014,7-Feb,Security,"The Bitcoin exchange Mt. Gox halts all bitcoin withdrawals due to insolvency after an apparently undetected theft that had been occurring since 2011. By the end of the month, Mt. Gox would file for bankruptcy protection.",
2014,10-Feb,,A flash crash occurs on the BTC-e exchange.,
2014,19-Feb,Official response (warning),"The Bank of Israel and several Israeli regulatory agencies issue a statement warning the public against dealing in virtual currencies. The warning lays out the dangers associated with trading in virtual currencies, including fraud, money laundering, and financing of terrorism, among others.",Israel
2014,February,Official response (warning),The Central Bank of Jordan (CBJ) warns the public against the use of Bitcoin.,Jordan
2014,19-Mar,Software version,"Bitcoin Core version 0.9.0 is released. This is the first version using the name ""Bitcoin Core"" rather than ""Bitcoin-Qt"". The release announcement states: ""To reduce confusion between Bitcoin-the-network and Bitcoin-the-software we have renamed the reference client to Bitcoin Core.""",
2014,25-Mar,Official response (regulation),"In its first substantive ruling on cryptocurrencies, the United States Internal Revenue Service states that Bitcoin will be treated as property for tax purposes.",United States
2014,8-Apr,Software version,Bitcoin Core version 0.9.1 is released.,
2014,15-May,,The DOS Stoned incident occurs.,
2014,16-Jun,Software version,Bitcoin Core version 0.9.2 is released.,
2014,19-Jun,Software version,Bitcoin Core version 0.9.2.1 is released.,
2014,11-Aug,Official response (negative),The United States Consumer Financial Protection Bureau begins taking complaints about Bitcoin.,United States
2014,August,Technology,"The Bitcoin blockchain file size, containing records of all transactions that have occurred on the network, reaches 20GB (gigabytes).",
2014,August,Official response (negative),"The Central Bank of Iceland announces that bitcoin is not a recognized currency and even if it was, purchases of bitcoins would still be illegal as such purchases would violate the foreign transactions restrictions in place.",Iceland
2014,June,Official response (regulation),"Canadian law is enacted as the world’s first national law on digital currencies, and the world’s first treatment in law of digital currency financial transactions under national anti-money laundering law. The new law treats virtual currencies, including Bitcoin, as “money service businesses” for the purposes of the anti-money laundering law.",Canada
2014,18-Sep,Research,"Coin Center, a non-profit group focused on cryptocurrency research and advocacy, is established.",
2014,27-Sep,Software version,Bitcoin Core version 0.9.3 is released.,
2014,2-Oct,Official response (warning),"The National Bank of Serbia makes announcement clarifying that “anyone investing in Bitcoins or engaging in any other activity involving virtual currencies shall do so at their own liability, bearing all financial risks and risks in terms of noncompliance with regulations governing foreign exchange operations, taxation, trade, etc.”",Serbia
2014,November,Official response (warning),"The Central Bank of Montenegro issues a warning saying that individuals may own Bitcoins at their own risk, although virtual currencies are not legal tender in the country.",Montenegro
2014,December,Official response (negative),"The South African Reserve Bank (SARB) issues a position paper on virtual currencies stating that only the SARB may issue legal tender and that decentralized convertible virtual currencies (DCVCs), including Bitcoin and Litecoin, are not legal tender in South Africa.",South Africa
2015,16-Feb,Software version,Bitcoin Core version 0.10.0 is released.,
2015,February,Technology,Joseph Poon and Thaddeus Dryja publish a draft of the Lightning Network white paper.,
2015,27-Apr,Software version,Bitcoin Core version 0.10.1 is released.,
2015,19-May,Software version,Bitcoin Core version 0.10.2 is released.,
2015,4-Jun,Official response (negative),Coinbase suspends operations in Wyoming due to a regulatory legislation.,
2015,12-Jul,Software version,Bitcoin Core version 0.11.0 is released.,
2015,8-Aug,Official response (regulation),"The BitLicense, a business license for virtual currency activities, comes into effect in New York. The regulation causes numerous Bitcoin companies to suspend operations in New York.",United States
2015,15-Aug,Bitcoin fork,Bitcoin XT is initially released.,
2015,8-Oct,Competition,"Gemini, the digital currency exchange started by the Winklevoss twins, begins trading.",
2015,14-Oct,Software version,Bitcoin Core version 0.10.3 is released.,
2015,15-Oct,Software version,Bitcoin Core version 0.11.1 is released.,
2015,22-Oct,Official response (regulation),"The European Court of Justice states that transactions to exchange a traditional currency for bitcoin or other virtual currencies and vice versa constitute the supply of services for consideration, but fall under the exemption from value-added tax (VAT). Buying or selling bitcoin is therefore exempt from VAT in all EU Member States.",European Union
2015,October,Blockchain company,Bitwala is founded in Germany as a blockchain banking service.,Germany
2015,13-Nov,Software version,Bitcoin Core version 0.11.2 is released.,
2015,16-Dec,Official response (regulation),A working group under the Financial System Council in Japan compiles a draft proposal on regulations for virtual currencies that are traded on the Internet.,Japan
2015,December,Bitcoin fork,"Bitcoin Unlimited is created, giving users the freedom to choose their preferred block size and find the limit with a majority consensus. This allows them to track the largest proof-of-work, irrespective of its block size.",
2015,December,Official response (negative),"The Central Bank of Kenya issues a public notice stating that virtual currencies are not legal tender and remain unregulated in Kenya, which means that “no protection exists in the event that the platform that exchanges or holds the virtual currency fails or goes out of business.”",Kenya
2016,10-Feb,Bitcoin fork,Bitcoin Classic is released.,
2016,23-Feb,Software version,Bitcoin Core version 0.12.0 is released.,
2016,15-Apr,Software version,Bitcoin Core version 0.12.1 is released.,
2016,11-Jun,Market capitalization,Bitcoin market capitalization reaches US$ 10 billion.,
2016,10-Jul,Mining,"The second Bitcoin halving event occurs at block height 420,000. The amount of new Bitcoins issued every 10 minutes drops from 25 bitcoins to 12.5.",
2016,2-Aug,Security,The Bitfinex hack is first announced.,
2016,23-Aug,Software version,Bitcoin Core version 0.13.0 is released.,
2016,September,Official response (regulation),"A Ministerial Resolution in Italy addresses aspects of the tax treatment of bitcoin and other cybercurrencies, and holds that the value added tax (VAT) does not apply to transactions in which cybercurrencies are exchanged for traditional currencies or vice versa.",Italy
2016,28-Sep,Official response (warning),"The National Bank of Macedonia issues a warning against cryptocurrencies, and reminds Macedonian residents that they are not allowed to have bank accounts or securities abroad, with certain exceptions, and therefore, investments by residents in cryptocurrencies are also not allowed.",Macedonia
2016,27-Oct,Software version,Bitcoin Core version 0.13.1 is released.,
2016,17-Nov,Official response (regulation),"The United States Internal Revenue Service sends a request (a John Doe summons) to Coinbase ""asking for the records of all customers who bought virtual currency from the company from 2013 to 2015"".",United States
2016,20-Dec,Official response (warning),"The Hungarian National Bank warns consumers that using virtual currencies have many risks as they operate in a legally unregulated virtual system and there are no proper rules on liability, guarantee, and compensation that would protect the interests of consumers in the event of abuse.",Hungary
2016,December,Literature,"The inaugural issue of Ledger, the first peer-reviewed academic journal dedicated to cryptocurrencies and blockchain technologies, is published.",
2016,December,Literature,Ledger is first issued as the first peer-reviewed academic journal dedicated to cryptocurrency and blockchain technology research.,
2017,1-Jan,Official response (regulation),"As of the start of 2017, thirteen US states have ""clearly defined positions and/or regulations in regards to the blockchain and digital currency industry"".",United States
2017,3-Jan,Software version,Bitcoin Core version 0.13.2 is released.,
2017,January,Official response (negative),"The Central Bank of the United Arab Emirates prohibits all transactions in “virtual currencies”, including cryptocurrencies.",United Arab Emirates
2017,27-Feb,Withdrawal,"Coinbase announces that it will stop serving customers in Hawaii due to a regulatory change that requires the company to ""hold cash reserves equal to any digital currency-denominated funds held for its customers"".",United States
2017,February,Official response (warning),"The Bank of Uganda warns against the use of cryptocurrencies in general and the services of an unlicensed entity called One Coin Digital Money, citing the absence of investor protection schemes and relevant regulatory mechanisms.",Uganda
2017,8-Mar,Software version,Bitcoin Core version 0.14.0 is released.,
2017,10-Mar,Official response (regulation),The United States Securities and Exchange Commission rejects the Winklevoss twins' application for an exchange-traded fund tied to the price of Bitcoin.,United States
2017,April,Withdrawal,The cryptocurrency exchange Poloniex announces it is suspending services in Washington State.,United States
2017,1-Apr,Official response (regulation),A Japanese law that brings bitcoin exchanges under anti-money laundering and know your customer rules as well as recognizing bitcoin as a form of prepaid payment instrument comes into effect.,Japan
2017,22-Apr,Software version,Bitcoin Core version 0.14.1 is released.,
2017,17-May,Official response (negative),The State Bank of Pakistan states that it does not recognize digital currencies.,Pakistan
2017,13-Jun,Organization (exchange company),"Gemini, the digital currency exchange started by the Winklevoss twins, begins operating in Washington State after it is granted a license to do so.",United States
2017,17-Jun,Software version,Bitcoin Core version 0.14.2 is released.,
2017,June,Research,The People's Bank of China establishes a research institute dedicated to digital currencies.,China
2017,June,Official response (warning),The Financial Superintendency of Colombia warns that bitcoin is not currency in Colombia and therefore may not be considered legal tender susceptible of cancelling debts.,Colombia
2017,1-Jul,Organization (exchange company),Binance is founded.,
2017,4-Jul,Official response (warning),The Saudi Arabian Monetary Agency issues a warning against bitcoin because it is not being monitored or supported by any legitimate financial authority.,Saudi Arabia
2017,7-Jul,Official response (warning),"The Polish National Bank and the Financial Supervision Commission jointly issue a warning against investing in virtual currencies, citing price volatility and the risk of fraud.",Poland
2017,13-Jul,Official response (negative),The Bank of Albania declares that the legal and regulatory framework in place do not envisage carrying out operations with cryptocurrency in Albania and users are exposed to certain risks.,Albania
2017,20-Jul,,"Bitcoin Improvement Proposal 91, to trigger Segregated Witness (SegWit) activation, is locked in.",
2017,July,Official response (negative),The Central Bank of Chile states that virtual currencies have no specific legal recognition in the country and trade and transactions involving cryptocurrency are not subject to the regulation or supervision of the monetary authority.,Chile
2017,1-Aug,Bitcoin fork,A hard fork of bitcoin known as Bitcoin Cash occurs on this day.,
2017,1-Aug,Official response (regulation),"The Monetary Authority of Singapore (MAS) issues a statement clarifying that the offer or issue of digital tokens in Singapore will be regulated by the MAS, if the digital tokens fall within the definition of “securities” regulated under the security laws.",Singapore
2017,2-Aug,Valuation,"Bitcoin cash is already the third most valuable cryptocurrency –with a market value of US$7.6 billion, after Bitcoin (US$44.4 billion MV) and Ethereum (US$21 billion MV).",
2017,4-Aug,Valuation,"Bitcoin reaches record high valuation of US$3,000 per coin.",
2017,13-Aug,Valuation,"Bitcoin breaks the US$4,000 mark.",
2017,13-Aug,Official response (negative),The Nepal Rastra Bank issues a notice that “all transactions related to or regarding bitcoins are illegal.”,Nepal
2017,15-Aug,Broadcasting,"Blockstream, a Bitcoin software company, announces the launch of its Blockstream Satellite network, aimed at broadcasting bitcoin to people just about anywhere in the world irrespective of their internet connection — for free. The launch is expected to make the cryptocurrency more accessible to almost anyone, even in places where data costs are high and living standards and incomes are low.",
2017,17-Aug,Official response (regulation),"Australia announces plan to strengthen its anti-money laundering laws and regulate digital currencies such as Bitcoin, following a similar move by Japan.",Australia
2017,August,Official response (negative),The Central Bank of Swaziland issues a press release noting that cryptocurrency does not enjoy legal-tender status in Swaziland.,Swaziland
2017,2-Sep,Valuation,"Bitcoin's price rises above US$5,000 for the first time.",
2017,4-Sep,Official response (negative),"Chinese government regulators issues the Announcement on Preventing Financial Risks from Initial Coin Offerings, which bans initial coin offerings (ICOs) in China.",China
2017,8-Sep,Official response (regulation),Russia’s Finance Minister Anton Siluanov announces plan to regulate the circulation of bitcoin and other crypto-currencies involving Russian citizens and firms.,Russia
2017,14-Sep,Software version,Bitcoin Core version 0.15.0 is released.,
2017,19-Sep,Software version,Bitcoin Core version 0.15.0.1 is released.,
2017,27-Sep,Official response (warning),"The Monetary Authority of Macau (AMCM) issues a statement warning the financial industry and the public about the risks of virtual commodities and tokens. AMCM states: “Any trading of these commodities involves considerable risks, including but not limited to those relating to money laundering and terrorism financing, against which all participants should remain vigilant.”",Macau
2017,29-Sep,Official response (regulation),Japan's Financial Services Agency (FSA) issues operating licenses to 11 Bitcoin exchanges.,Japan
2017,September,Official response (negative),The Bank of Namibia issues a position paper noting that virtual currencies are not considered legal tender and are currently unregulated in the country.,Namibia
2017,September,Official response (negative),The Central Bank of Uzbekistan expresses the opinion that it is not advisable to allow operations with cryptocurrencies because of the possibility of terrorism financing and other criminal activities.,Uzbekistan
2017,11-Oct,Official response (negative),"The Central Bank of Russia announces it would support moves to block websites dealing in bitcoin and other virtual currencies, amidst declarations of President Vladimir Putin denouncing the cryptocurrency as risky and used by criminals.",Russia
2017,11-Oct,Official response (negative),The Bank of Lithuania states that financial services must be clearly dissociated from activities related to virtual currencies and that financial market participants should not provide services associated with virtual currencies.,Lithuania
2017,16-Oct,Milestone transaction,IBM and a network of banks begin using digital currency and blockchain software to move money across borders throughout the South Pacific.,
2017,20-Oct,Valuation,"Bitcoin breaks above US$6,000.",
2017,30-Oct,Official response (negative),The State Bank of Vietnam issues a decree determining that Bitcoin and other virtual currencies are not legal means of payment.,Vietnam
2017,October,Market capitalization,Bitcoin market capitalization reaches US$100 billion.,
2017,24-Oct,Organization (exchange company),Upbit launches in South Korea.,
2017,October,Official response (warning),The Central Bank of Costa Rica issues a statement warning about the risks associated with the acquisition of cryptocurrencies with the intention of using them either as financial savings or as a means of payment in Costa Rica.,Costa Rica
2017,October,Official response (regulation),The Central Bank of Kyrgyzstan states that it does not consider introducing any prohibitive or restrictive measures regarding the mining of cryptocurrency.,Kyrgyzstan
2017,2-Nov,Valuation,"Bitcoin surpasses the US$7,000 mark for the first time.",
2017,2-Nov,Official response (regulation),The Commercial Register Office in the Swiss Canton of Zug starts accepting Bitcoin and Ethereum as payment for administrative costs.,Switzerland
2017,11-Nov,Software version,Bitcoin Core version 0.15.1 is released.,
2017,12-Nov,Bitcoin fork,Bitcoin Gold is launched as the second project to fork away from the Bitcoin blockchain to create a new coin in the year.,
2017,16-Nov,Official response (warning),The Brazilian Federal Reserve Bank issues a notice alerting citizens to the risks arising from the custody and trading operations of virtual currencies.,Brazil
2017,27-Nov,Official response (regulation),"Estonia enacts amendments to its anti-money laundering legislation that define cryptocurrencies as value represented in digital form that is digitally transferable, preservable, or tradable and that natural persons or legal persons accept as a payment instrument, but that is not the legal tender of any country or funds (banknotes or coins, scriptural money held by banks, or electronic money).",Estonia
2017,29-Nov,Valuation,"Bitcoin value reaches US$10,000 for the first time, a more than 10-fold increase in value over the course of the year.",
2017,30-Nov,Official response (regulation),"The financial regulators of Ukraine issue a joint statement declaring that cryptocurrencies cannot be classified as money, foreign currency, a means of payment, electronic money, securities, or a money surrogate.",Ukraine
2017,November,Official response (regulation),"Latvia introduces monitoring requirements for virtual currency service providers, including providers of virtual currency exchange services. Virtual currency is defined as the digital representation of a value that may be digitally transmitted, stored, or traded, and acts as an exchange instrument without being legal tender.",Latvia
2017,November,Official response (warning),The Finnish Financial Supervisory Authority issues an advisory that cryptocurrencies are risk-filled investment alternatives.,Finland
2017,November,Official response (warning),"The Central Bank of Lesotho issues a press statement warning the public of the risks associated with the use of cryptocurrencies, given the fact that the Bank “does not oversee, supervise or regulate the cryptocurrencies, their systems, promoters or intermediaries.”",Lesotho
2017,1-Dec,Official response (regulation),Unites States regulator Commodity Futures Trading Commission (CFTC) announces it would let the Chicago Mercantile Exchange and Chicago Board Options Exchange trade in Bitcoin-related financial contracts. The news would render Bitcoin valuation rise further.,United States
2017,3-Dec,Official response (negative),"The Iraqi Central Bank prohibits the use of cryptocurrencies, stating that currency traders who carry out transactions in cryptocurrencies will be punished by penalties cited in the country’s anti-money laundering law.",Iraq
2017,5-Dec,Official response (negative),The National Bank of Cambodia states that activities of a handful of companies operating in Cambodia that try to persuade people to use cryptocurrencies for everyday purchases and other financial transactions are “not legal as digital currencies are not issued or backed up by any government.”,Cambodia
2017,7-Dec,Mining,"The 16 millionth Bitcoin is mined, with 5 million remaining.",
2017,17-Dec,Valuation,"CoinDesk Bitcoin price index reaches an all-time high of $19,783.21.",
2017,18-Dec,Official response (negative),The Croatia’s Financial Stability Council warns that individuals investing in virtual currencies bear sole responsibility for their losses and should be aware of possible taxation.,Croatia
2017,18-Dec,Official response (negative),Kuwait’s Ministry of Finance announces it does not recognize cryptocurrencies for purposes of official commercial transactions.,Kuwait
2017,19-Dec,Official response (warning),The Taiwanese Financial Supervisory Commission (FSC) issues a statement warning the general public about the risks of investing in virtual commodities such as Bitcoin.,Taiwan
2017,20-Dec,Official response (negative),The National Bank of Georgia confirms that cryptocurrency is not legal tender in Georgia and is not regulated by Georgian law.,Georgia
2017,22-Dec,Official response (negative),The Central Bank of Brunei releases a statement reminding the public that “cryptocurrencies are not legal tender in Brunei Darussalam and are not regulated” and advising the public “to be vigilant and exercise extreme caution when dealing with such currencies that are privately issued.”,Brunei
2017,24-Dec,Official response (negative),The Bangladesh Bank issues a cautionary notice declaring that cryptocurrencies are illegal in Bangladesh.,Bangladesh
2017,28-Dec,Official response (regulation),South Korea’s government announces imposition of additional measures to regulate speculation in cryptocurrency trading within the country. This would unleash a negative impact on Bitcoin's valuation across the globe.,South Korea
2017,December,Organization,"Pineapple Fund is founded as a philanthropic project by an anonymous individual which gives away 5,057 Bitcoins to 60 charities. The amount is valued at US$86 million in December 2017.",
2017,December,Official response (negative),The acting President of the Bank of Guatemala confirms that both Bitcoin and other types of cryptocurrencies are not legal tender in the country and do not have regulatory backing.,Guatemala
2017,27-Dec,Official response (negative),Algeria issues law prohibiting the use of any cryptocurrencies.,Algeria
2017,29-Dec,Official response (regulation),Argentina issues amendment to its income tax law providing that the profit derived from the sale of digital currency will be considered income and taxed as such.,Argentina
2017,December,Official response (warning),"The Central Bank of Oman declares that there are no policies or guidelines to regulate “digital currencies” or “cryptocurrencies”, and urges citizens to be cautious when dealing with cryptocurrencies, asserting that the Central Bank is not responsible for any financial consequences stemming from dealings in cryptocurrencies.",Oman
2017,December,Official response (negative),The Reserve Bank of Zimbabwe notes that virtual currencies are not legal tender in Zimbabwe and remain unregulated.,Zimbabwe
2018,1-Jan,Official response (regulation),"The municipality of Chiasso, in the Swiss Canton of Ticino, starts accepting Bitcoin as tax payments for amounts of up to CHF250 (around US$263).",Switzerland
2018,7-Jan,Official response (negative),"The governor of the Central Bank of Bahrain issues a warning against cryptocurrencies, especially Bitcoin.",Bahrain
2018,8-Jan,Official response (warning),The Mozambican Federal Reserve Bank issues a notice informing citizens that it does not regulate or supervise any activity or transaction carried out through Bitcoins and is not responsible for any impacts of transactions related to Bitcoin.,Mozambique
2018,9-Jan,Official response (negative),"The Central Bank of Bosnia and Herzegovina announces that the convertible mark (the currency of Bosnia and Herzegovina) is the only legal means of payment in the country, and it is not possible to exchange Bitcoins and other cryptocurrencies for convertible mark.",Bosnia and Herzegovina
2018,10-Jan,Official response (negative),"The Central Bank of Egypt issues a warning against the trading of cryptocurrencies, such as Bitcoin, due to the extremely high risk associated with such currencies.",Egypt
2018,11-Jan,Official response (regulation),"The Inland Revenue Department os New Zelaland indicates that people should “treat money made buying and selling cryptocurrencies in the same, or similar, way they would money made buying and selling gold. That is, pay tax on the profit made by selling a currency, only if that currency was bought with the intention of resale.”",New Zealand
2018,12-Jan,Valuation,"Amidst rumors that South Korea could be preparing to ban trading in cryptocurrency, the price of Bitcoin depreciates by 12 percent.",
2018,13-Jan,Official response (warning),"The Bank Indonesia releases a statement that warns against buying, selling, or otherwise trading in virtual currencies.",Indonesia
2018,15-Jan,Official response (warning),"The National Bank of Tajikistan issues a statement warning the citizens about the risks associated with the use of cryptocurrency. The Bank clarifies that in Tajikistan cryptocurrency cannot be considered an official means of exchange or savings, or a unit of account.",Tajikistan
2018,16-Jan,Withdrawal,Bitconnect announces it would shut down its cryptocurrency exchange and lending operation after regulators from Texas and North Carolina issue a cease and desist order against it as it was suspected of being fraudulent.,
2018,17-Jan,Valuation,"Bitcoin price falls to as low as $9,199.59, half its peak price, falling almost 19 percent within 24 hours, after Chinese authorities say they will strengthen a ban put in place late in 2017 to prevent its citizens from using cryptocurrency exchanges.",
2018,17-Jan,Official response (regulation),"The head of Kyrgyzstan’s National Bank, Tolkunbek Abdygulov, states that the Bank does not plan to impede the development of the cryptocurrency market in Kyrgyzstan, noting that it is very difficult to ban something that the Central Bank does not issue and that citizens of Kyrgyzstan investing in cryptocurrency do so at their own risk and peril.",Kyrgyzstan
2018,18-Jan,Official response (negative),"The Bank of Slovenia warns citizens that virtual currencies are not a digital replacement for banknotes and coins, and are not regulated.",Slovenia
2018,24-Jan,Official response (regulation),Polish Prime Minister Mateusz Morawiecki states that Poland will either ban cryptocurrency or introduce regulations to ensure that it does not turn into a pyramid scheme.,Poland
2018,26-Jan,Security,"Coincheck, Japan's largest cryptocurrency OTC market, is hacked. US$530 million of the NEM are stolen, and the loss is the largest ever by an incident of theft, which causes Coincheck to indefinitely suspend trading.",Japan
2018,30-Jan,Official response (regulation),The South Korean government implements a rule that allows trades in cryptocurrencies only from real-name bank accounts.,South Korea
2018,31-Jan,Mining,"Within its semiconductor business called Foundry, Samsung starts mass producing Bitcoin mining chips in partnership with an unidentified Chinese mining company.",
2018,31-Jan,Official response (warning),The Central Bank of Kosovo issues warning about the use of cryptocurrencies reminding persons that virtual money is not recognized as legal tender and that financial losses may result from investing in cryptocurrencies.,Kozovo
2018,31-Jan,Official response (regulation),"In the self-proclaimed republic of Transnistria, a law is passed legalizing mining activities. It provides for creation of free economic zones for mining purposes. The authorities promise exemption from taxes, duty-free import and export of mining equipment, and assistance with energy supply.",Moldova
2018,31-Jan,Corporation policy,Facebook bans people entirely from advertising Bitcoin and other cryptocurrencies amid fears they are used for fraud.,
2018,January,Official response (negative),"The Honduran Central Bank issues a statement declaring that cryptocurrencies such as Bitcoin, Ethereum, Litecoin, and other similar cryptocurrencies do not have the backing of the Central Bank of Honduras.",Honduras
2018,January,Official response (negative),The Central Bank of Ecuador states that Bitcoin is not an authorized payment method in this country.,Ecuador
2018,January,Official response (warning),"The Central Bank of the Netherlands publishes a position paper on cryptocurrencies and initial coin offerings in which it highlights that cryptocurrencies “do not currently fulfill the role of money—in fact, they are hardly ever used for payment, and they are not a universally accepted and stable medium of exchange, a suitable unit of account or a reliable store of value. Accordingly, they do not have any implications in terms of monetary policy.”",Netherlands
2018,January,Official response (negative),"The Bank of Ghana advises to banks and the general public against the use of “virtual or digital currencies, also known as cryptocurrencies,” mainly because such currencies and the entities that facilitate their transactions are not sanctioned by the government.",Ghana
2018,January,Official response (negative),The government of India states that cryptocurrencies such as Bitcoin are not legal tender in the country.,India
2018,5-Feb,Official response (warning),The Bank of Jamaica warns the public to “exercise caution in the use of virtual currencies given the associated risks and the absence of appropriate governance and consumer protection arrangements”.,Jamaica
2018,6-Feb,Official response (warning),Romania’s National Bank announces that it discourages any involvement of local credit institutions in the cryptocurrency sector because of reputational risks.,Romania
2018,9-Feb,Official response (warning),Hong Kong’s Securities and Futures Commission (SFC) alerts investors to the potential risks of dealing with cryptocurrency exchanges and investing in initial coin offerings.,Hong Kong
2018,12-Feb,Official response (warning),The Central Bank of Azerbaijan states that cryptocurrency is a very volatile instrument and urges the population to be more careful in dealing with cryptocurrencies.,Azerbaijan
2018,12-Feb,Official response (warning),The Bank of Thailand issues a circular asking financial institutions to refrain from doing any business involving cryptocurrencies.,Thailand
2018,14-Feb,Official response (warning),"The National Bank of Bulgaria announces that it joins the position of the European supervisory authorities on the risks inherent in buying virtual currencies, and notes that such currencies show extreme price volatility and signs of a pricing bubble.",Bulgaria
2018,15-Feb,Official response (warning),"The National Bank of Moldova issues a statement recommending that citizens be as cautious as possible in deciding whether to invest in crypto-assets, given the technical characteristics of cryptocurrency, its high volatility, and the absence of any regulation that would protect investors.",Moldova
2018,February,Legal,Several scientists working at a top-secret Russian nuclear warhead facility are arrested for allegedly using one of the country's most powerful supercomputers to mine Bitcoins.,
2018,February,Official response (regulation),"The Israeli government confirms that it would treat bitcoin and other cryptocurrencies as a kind of property instead of currency, making it therefore taxable as such.",Israel
2018,February,Corporation policy,"Payment processors Visa and Mastercard re-classifiy bitcoin purchases viewing them as “cash advances,” a category that brings an additional 5% fee to those virtual currency purchases on credit cards.",
2018,26-Feb,Software version,Bitcoin Core version 0.16.0 is released.,
2018,February,Official response (regulation),"The German Federal Ministry of Finance publishes guidance on valueadded-tax (VAT) treatment of Bitcoin and other virtual currencies, and determines that transactions to exchange a traditional currency for Bitcoin or other virtual currencies and vice versa constitute the taxable supply of other services for consideration, but fall under the exemption from VAT.",Germany
2018,February,Official response (negative),"The National Securities Commission of Spain and the Bank of Spain issue a joint statement regarding the use of Bitcoin, noting that cryptocurrency is not issued, registered, authorized, or verified by any regulatory agency in the country.",Spain
2018,February,Official response (negative),The Central Bank of Qatar warns citizens against trading in Bitcoin. The circular issued by the bank describes Bitcoin as illegal and unsupported by any central bank or government.,Qatar
2018,February,Official response (warning),The Zambia Securities and Exchange Commission urges “any individuals or entities that are currently investing in or intend to invest in cryptocurrencies and related products/assets to exercise restraint and caution as they do so as the products/assets are largely unregulated and not subject to the jurisdiction of the Commission.”,Zambia
2018,1-Mar,Official response (negative),The government of Armenia publishes a document stating that adoption of a proposed law on cryptocurrencies is not advisable given that the majority of the leading countries urge people to refrain from operations with cryptocurrencies.,Armenia
2018,14-Mar,Corporation policy,"Google announces ban of all adverts for cryptocurrencies, including Bitcoin and initial coin offerings (ICOs), as it seeks to “tackle emerging threats”. Bitcoin valuation briefly falls below US$8,000 after the announcement.",
2018,20-Mar,Official response (regulation),"Russia introduces bill defining “mining” as activities aimed at the creation of cryptocurrency with the purpose of receiving compensation in the form of cryptocurrency. Treated as an entrepreneurial activity, mining is subject to taxation if the miner exceeds the energy consumption limits established by the government for three months in a row.",Russia
2018,23-Mar,Official response (regulation),"The Ministry of Finance of Slovakia publishes guidance explaining that revenues stemming from cryptocurrencies must be taxed, and that any type of exchange (including virtual currency) must be considered to be a taxable transfer.",Slovakia
2018,28-Mar,Official response (regulation),"A Presidential Decree in Belarus on the development of the digital economy comes into effect, and permits buying, selling, exchanging, and mining cryptocurrency. Individuals are permitted to engage in mining; acquire tokens; and exchange, sell, donate, bequeath, and otherwise dispose of cryptocurrency. Income generated by mining and operations in cryptocurrencies is exempt from taxation until 2023.",Belarus
2018,30-Mar,Official response (negative),"The Kazakhstan National Bank states its conservative position on the issue of cryptocurrencies and adds that legislative amendments had already been prepared to prohibit the purchase and sale of cryptocurrencies for national currency, ban the activity of exchanges, and ban any type of mining.",Kazakhstan
2018,March,Official response (warning),The Financial Sector Monitoring Commission of Luxembourg issues a statement warning about the risks of investing in cryptocurrencies.,Luxembourg
2018,March,Official response (regulation),"Mexico enacts law which includes a chapter on operations virtual assets (cryptocurrencies), defining them as representations of value electronically registered and utilized by the public as a means of payment for all types of legal transactions, which may only be transferred electronically.",Mexico
2018,March,Official response (regulation),The National Agency for Fiscal Administration of Romania declares that income from transactions with cryptocurrencies are taxable.,Romania
2018,March,Official response (warning),The Swedish Central Bank announces that “Bitcoins are not money.”,Sweden
2018,March,Official response (negative),The Moroccan Exchange Office informs the public that the transactions effectuated through virtual currencies constitute a violation of the exchange regulations and are subject to penalties and fines provided by the texts in force.,Morocco
2018,6-Apr,Official response (negative),"The Reserve Bank of India issues a notification prohibiting banks, lenders and other regulated financial institutions from “dealing with virtual currencies.”",India
2018,22-Apr,Official response (negative),"The Central Bank of Iran announces ban on the handling of cryptocurrencies by all Iranian financial institutions, including banks and credit institutions. Currency exchanges are also banned from buying and selling, including adopting measures to facilitate or promote them.",Iran
2018,26-Apr,Mining,The 17 millionth of 21 million Bitcoins is mined.,
2018,21-May,Milestone transaction,"Banco Masventas, a bank in Argentina, starts using Bitcoin for cross-border payments. ",Argentina
2018,15-Jun,Software version,Bitcoin Core version 0.16.1 is released.,
2018,22-Jun,Official response (regulation),"The Financial Services Agency (FSA), Japan’s top financial regulator, issues six new business improvement orders. The orders to Bitflyer, Tech Bureau, Bitpoint Japan, Btcbox, Bitbank, and Quoine follow the agency’s first rejection of a crypto exchange registration on June 7.",Japan
2018,29-Jul,Software version,Bitcoin Core version 0.16.2 is released.,
2018,August,Technology,"A reported 3,500 Bitcoin ATMs (BATM) are installed worldwide.",
2018,28-Sep,Software version,Bitcoin Core versions 0.15.2 and 0.14.3 are released.,
2018,September,Security,A Bitcoin Cash developer discovers the vulnerability CVE-2018-17144 in the Bitcoin Core software that could allow an attacker to crash vulnerable Bitcoin Core nodes and exceed the 21 million coin limit.,
2018,14-Sep,Security,Hackers steal 6.7 billion yen (US$60 million) in Bitcoin and two other cryptocurrencies from Japan-based cryptocurrency exchange Zaif.,
2018,9-Oct,Software version,Bitcoin Core version 0.17.0.1 is released.,
2018,15-Nov,Bitcoin fork,"A hard fork chain split of Bitcoin Cash occurs between two rival factions, Bitcoin Cash and Bitcoin SV. On the first day, Bitcoin Cash trades at about US$289 and Bitcoin SV trades at about $96.50, down from $425.01 a day earlier for the un-split Bitcoin Cash.",
2018,25-Dec,Software version,Bitcoin Core version 0.17.1 is released.,
2019,2-May,Software version,Bitcoin Core version 0.18.0 is released.,
2019,9-Aug,Software version,Bitcoin Core version 0.18.1 is released.,
2019,18-Oct,Mining,The 18 millionth bitcoin is mined.,
2019,24-Oct,Software version,Bitcoin Core version 0.19.0.1 is released.,
2020,9-Mar,Software version,Bitcoin Core version 0.19.1 is released.,
2020,16-May,Mining,"The third Bitcoin halving should take place around this date on block 630,000. The amount of new Bitcoins issued every 10 minutes will drop from 12.5 Bitcoins to 6.25.",
2024,March–June,Mining,"The fourth Bitcoin halving will happen at block 840,000.",
2030,,Mining,More than 98% of Bitcoins will be mined by this year.,
2140,,Mining,The last Bitcoin will be mined around this year due to block reward halving.,
